{
  "meta": {},
  "players": {},
  "turn scores": {
    "0": {
      "effiencient_move": true,
      "similarity": 0.18221023888012056
    },
    "1": {
      "effiencient_move": false,
      "similarity": 0.49452463132693136
    },
    "2": {
      "effiencient_move": false,
      "similarity": 1.3385701848569465
    },
    "3": {
      "effiencient_move": true,
      "similarity": 3.5972419924183097
    },
    "4": {
      "effiencient_move": true,
      "similarity": 5.862446150271272
    },
    "5": {
      "effiencient_move": true,
      "similarity": 15.17163600424869
    },
    "6": {
      "effiencient_move": true,
      "similarity": 36.48510476127127
    },
    "7": {
      "effiencient_move": true,
      "similarity": 36.48510476127127
    },
    "8": {
      "effiencient_move": true,
      "similarity": 23.840584404423538
    },
    "9": {
      "effiencient_move": false,
      "similarity": 23.840584404423538
    },
    "10": {
      "effiencient_move": false,
      "similarity": 23.840584404423538
    },
    "11": {
      "effiencient_move": false,
      "similarity": 23.840584404423538
    },
    "12": {
      "effiencient_move": true,
      "similarity": 23.840584404423538
    }
  },
  "episode scores": {
    "Success": 0,
    "Aborted": 0,
    "Lose": 1,
    "moves": 13,
    "valid_moves": 13,
    "invalid_moves": 0,
    "stopped": 1,
    "turns_limit": 0,
    "loops": 0,
    "number_visited": 7,
    "seen": 8,
    "efficiency": 61.53846153846154,
    "exploration": 87.5,
    "graph_similarity": 23.840584404423538,
    "Main Score": 72.25806451612902
  }
}