{
  "meta": {},
  "players": {},
  "turn scores": {
    "0": {
      "effiencient_move": true,
      "similarity": 0.18221023888012056
    },
    "1": {
      "effiencient_move": true,
      "similarity": 0.49452463132693136
    },
    "2": {
      "effiencient_move": true,
      "similarity": 1.3385701848569465
    },
    "3": {
      "effiencient_move": true,
      "similarity": 1.3385701848569465
    },
    "4": {
      "effiencient_move": false,
      "similarity": 3.5972419924183097
    },
    "5": {
      "effiencient_move": false,
      "similarity": 3.5972419924183097
    },
    "6": {
      "effiencient_move": true,
      "similarity": 3.5972419924183097
    },
    "7": {
      "effiencient_move": false,
      "similarity": 3.5972419924183097
    },
    "8": {
      "effiencient_move": true,
      "similarity": 3.5972419924183097
    }
  },
  "episode scores": {
    "Success": 0,
    "Aborted": 0,
    "Lose": 1,
    "moves": 9,
    "valid_moves": 9,
    "invalid_moves": 0,
    "stopped": 1,
    "turns_limit": 0,
    "loops": 0,
    "number_visited": 4,
    "seen": 6,
    "efficiency": 66.66666666666666,
    "exploration": 50.0,
    "graph_similarity": 3.5972419924183097,
    "Main Score": 57.14285714285714
  }
}