{
  "meta": {},
  "players": {},
  "turn scores": {
    "0": {
      "effiencient_move": true,
      "similarity": 0.18221023888012056
    },
    "1": {
      "effiencient_move": true,
      "similarity": 0.49452463132693136
    },
    "2": {
      "effiencient_move": true,
      "similarity": 1.3385701848569465
    },
    "3": {
      "effiencient_move": true,
      "similarity": 3.5972419924183097
    },
    "4": {
      "effiencient_move": true,
      "similarity": 3.5972419924183097
    },
    "5": {
      "effiencient_move": true,
      "similarity": 3.5972419924183097
    },
    "6": {
      "effiencient_move": true,
      "similarity": 5.862446150271272
    },
    "7": {
      "effiencient_move": true,
      "similarity": 5.862446150271272
    },
    "8": {
      "effiencient_move": false,
      "similarity": 15.17163600424869
    },
    "9": {
      "effiencient_move": false,
      "similarity": 15.17163600424869
    },
    "10": {
      "effiencient_move": false,
      "similarity": 15.17163600424869
    }
  },
  "episode scores": {
    "Success": 0,
    "Aborted": 0,
    "Lose": 1,
    "moves": 11,
    "valid_moves": 11,
    "invalid_moves": 0,
    "stopped": 1,
    "turns_limit": 0,
    "loops": 0,
    "number_visited": 6,
    "seen": 7,
    "efficiency": 72.72727272727273,
    "exploration": 75.0,
    "graph_similarity": 15.17163600424869,
    "Main Score": 73.84615384615384
  }
}