{
  "meta": {},
  "players": {},
  "turn scores": {
    "0": {
      "effiencient_move": true,
      "similarity": 9.485174635513328
    },
    "1": {
      "effiencient_move": true,
      "similarity": 9.485174635513328
    },
    "2": {
      "effiencient_move": true,
      "similarity": 15.17163600424869
    },
    "3": {
      "effiencient_move": true,
      "similarity": 53.78828427399902
    },
    "4": {
      "effiencient_move": false,
      "similarity": 15.17163600424869
    },
    "5": {
      "effiencient_move": false,
      "similarity": 23.840584404423538
    },
    "6": {
      "effiencient_move": false,
      "similarity": 15.17163600424869
    },
    "7": {
      "effiencient_move": false,
      "similarity": 23.840584404423538
    },
    "8": {
      "effiencient_move": false,
      "similarity": 15.17163600424869
    },
    "9": {
      "effiencient_move": false,
      "similarity": 23.840584404423538
    },
    "10": {
      "effiencient_move": false,
      "similarity": 15.17163600424869
    },
    "11": {
      "effiencient_move": false,
      "similarity": 15.17163600424869
    },
    "12": {
      "effiencient_move": false,
      "similarity": 15.17163600424869
    },
    "13": {
      "effiencient_move": false,
      "similarity": 15.17163600424869
    }
  },
  "episode scores": {
    "Success": 1,
    "Aborted": 0,
    "Lose": 0,
    "moves": 14,
    "valid_moves": 14,
    "invalid_moves": 0,
    "stopped": 1,
    "turns_limit": 0,
    "loops": 9,
    "number_visited": 4,
    "seen": 4,
    "efficiency": 28.57142857142857,
    "exploration": 100.0,
    "graph_similarity": 15.17163600424869,
    "Main Score": 44.44444444444444
  }
}