{
  "meta": {},
  "players": {},
  "turn scores": {
    "0": {
      "effiencient_move": true,
      "similarity": 3.5972419924183097
    },
    "1": {
      "effiencient_move": true,
      "similarity": 3.5972419924183097
    },
    "2": {
      "effiencient_move": true,
      "similarity": 9.485174635513328
    },
    "3": {
      "effiencient_move": true,
      "similarity": 9.485174635513328
    },
    "4": {
      "effiencient_move": true,
      "similarity": 15.17163600424869
    },
    "5": {
      "effiencient_move": false,
      "similarity": 36.48510476127127
    },
    "6": {
      "effiencient_move": true,
      "similarity": 36.48510476127127
    }
  },
  "episode scores": {
    "Success": 0,
    "Aborted": 0,
    "Lose": 1,
    "moves": 7,
    "valid_moves": 7,
    "invalid_moves": 0,
    "stopped": 1,
    "turns_limit": 0,
    "loops": 1,
    "number_visited": 5,
    "seen": 6,
    "efficiency": 85.71428571428571,
    "exploration": 83.33333333333334,
    "graph_similarity": 36.48510476127127,
    "Main Score": 84.50704225352113
  }
}