{
  "meta": {},
  "players": {},
  "turn scores": {
    "0": {
      "effiencient_move": true,
      "similarity": 0.18221023888012056
    },
    "1": {
      "effiencient_move": true,
      "similarity": 0.30023645134740207
    },
    "2": {
      "effiencient_move": true,
      "similarity": 0.49452463132693136
    },
    "3": {
      "effiencient_move": true,
      "similarity": 0.30023645134740207
    },
    "4": {
      "effiencient_move": true,
      "similarity": 0.49452463132693136
    },
    "5": {
      "effiencient_move": false,
      "similarity": 0.30023645134740207
    },
    "6": {
      "effiencient_move": false,
      "similarity": 0.49452463132693136
    },
    "7": {
      "effiencient_move": true,
      "similarity": 0.30023645134740207
    },
    "8": {
      "effiencient_move": true,
      "similarity": 0.30023645134740207
    },
    "9": {
      "effiencient_move": false,
      "similarity": 0.30023645134740207
    },
    "10": {
      "effiencient_move": false,
      "similarity": 0.30023645134740207
    },
    "11": {
      "effiencient_move": true,
      "similarity": 0.30023645134740207
    },
    "12": {
      "effiencient_move": true,
      "similarity": 0.30023645134740207
    },
    "13": {
      "effiencient_move": false,
      "similarity": 0.30023645134740207
    }
  },
  "episode scores": {
    "Success": 0,
    "Aborted": 0,
    "Lose": 1,
    "moves": 14,
    "valid_moves": 14,
    "invalid_moves": 0,
    "stopped": 1,
    "turns_limit": 0,
    "loops": 0,
    "number_visited": 4,
    "seen": 5,
    "efficiency": 64.28571428571429,
    "exploration": 50.0,
    "graph_similarity": 0.30023645134740207,
    "Main Score": 56.25000000000001
  }
}