{
  "meta": {},
  "players": {},
  "turn scores": {
    "0": {
      "effiencient_move": true,
      "similarity": 0.18221023888012056
    },
    "1": {
      "effiencient_move": false,
      "similarity": 0.49452463132693136
    },
    "2": {
      "effiencient_move": true,
      "similarity": 0.49452463132693136
    },
    "3": {
      "effiencient_move": true,
      "similarity": 1.3385701848569465
    },
    "4": {
      "effiencient_move": false,
      "similarity": 1.3385701848569465
    },
    "5": {
      "effiencient_move": false,
      "similarity": 3.5972419924183097
    },
    "6": {
      "effiencient_move": true,
      "similarity": 1.3385701848569465
    },
    "7": {
      "effiencient_move": false,
      "similarity": 3.5972419924183097
    },
    "8": {
      "effiencient_move": true,
      "similarity": 3.5972419924183097
    },
    "9": {
      "effiencient_move": true,
      "similarity": 3.5972419924183097
    },
    "10": {
      "effiencient_move": true,
      "similarity": 9.485174635513328
    },
    "11": {
      "effiencient_move": true,
      "similarity": 9.485174635513328
    },
    "12": {
      "effiencient_move": true,
      "similarity": 9.485174635513328
    }
  },
  "episode scores": {
    "Success": 0,
    "Aborted": 0,
    "Lose": 1,
    "moves": 13,
    "valid_moves": 13,
    "invalid_moves": 0,
    "stopped": 1,
    "turns_limit": 0,
    "loops": 1,
    "number_visited": 5,
    "seen": 6,
    "efficiency": 69.23076923076923,
    "exploration": 62.5,
    "graph_similarity": 9.485174635513328,
    "Main Score": 65.6934306569343
  }
}