{
  "meta": {},
  "players": {},
  "turn scores": {
    "0": {
      "effiencient_move": true,
      "similarity": 0.18221023888012056
    },
    "1": {
      "effiencient_move": false,
      "similarity": 0.8140275431792077
    },
    "2": {
      "effiencient_move": true,
      "similarity": 0.49452463132693136
    },
    "3": {
      "effiencient_move": false,
      "similarity": 3.5972419924183097
    },
    "4": {
      "effiencient_move": false,
      "similarity": 9.485174635513328
    },
    "5": {
      "effiencient_move": true,
      "similarity": 15.17163600424869
    },
    "6": {
      "effiencient_move": false,
      "similarity": 23.840584404423538
    },
    "7": {
      "effiencient_move": false,
      "similarity": 23.840584404423538
    },
    "8": {
      "effiencient_move": false,
      "similarity": 23.840584404423538
    },
    "9": {
      "effiencient_move": false,
      "similarity": 75.50813375962908
    },
    "10": {
      "effiencient_move": true,
      "similarity": 9.485174635513328
    },
    "11": {
      "effiencient_move": false,
      "similarity": 9.485174635513328
    },
    "12": {
      "effiencient_move": true,
      "similarity": 9.485174635513328
    },
    "13": {
      "effiencient_move": false,
      "similarity": 9.485174635513328
    },
    "14": {
      "effiencient_move": true,
      "similarity": 9.485174635513328
    },
    "15": {
      "effiencient_move": false,
      "similarity": 15.17163600424869
    },
    "16": {
      "effiencient_move": true,
      "similarity": 2.1973885261186377
    },
    "17": {
      "effiencient_move": false,
      "similarity": 15.17163600424869
    }
  },
  "episode scores": {
    "Success": 0,
    "Aborted": 0,
    "Lose": 1,
    "moves": 18,
    "valid_moves": 18,
    "invalid_moves": 0,
    "stopped": 1,
    "turns_limit": 0,
    "loops": 7,
    "number_visited": 5,
    "seen": 7,
    "efficiency": 38.88888888888889,
    "exploration": 62.5,
    "graph_similarity": 15.17163600424869,
    "Main Score": 47.945205479452056
  }
}