{
  "meta": {},
  "players": {},
  "turn scores": {
    "0": {
      "effiencient_move": true,
      "similarity": 0.18221023888012056
    },
    "1": {
      "effiencient_move": true,
      "similarity": 0.49452463132693136
    },
    "2": {
      "effiencient_move": true,
      "similarity": 1.3385701848569465
    },
    "3": {
      "effiencient_move": true,
      "similarity": 3.5972419924183097
    },
    "4": {
      "effiencient_move": true,
      "similarity": 3.5972419924183097
    },
    "5": {
      "effiencient_move": true,
      "similarity": 2.1973885261186377
    },
    "6": {
      "effiencient_move": true,
      "similarity": 2.1973885261186377
    },
    "7": {
      "effiencient_move": true,
      "similarity": 15.17163600424869
    },
    "8": {
      "effiencient_move": true,
      "similarity": 36.48510476127127
    },
    "9": {
      "effiencient_move": true,
      "similarity": 36.48510476127127
    },
    "10": {
      "effiencient_move": false,
      "similarity": 75.50813375962908
    }
  },
  "episode scores": {
    "Success": 1,
    "Aborted": 0,
    "Lose": 0,
    "moves": 11,
    "valid_moves": 11,
    "invalid_moves": 0,
    "stopped": 1,
    "turns_limit": 0,
    "loops": 0,
    "number_visited": 8,
    "seen": 8,
    "efficiency": 90.9090909090909,
    "exploration": 100.0,
    "graph_similarity": 75.50813375962908,
    "Main Score": 95.23809523809523
  }
}