{
  "meta": {},
  "players": {},
  "turn scores": {
    "0": {
      "effiencient_move": true,
      "similarity": 1.3385701848569465
    },
    "1": {
      "effiencient_move": true,
      "similarity": 2.1973885261186377
    },
    "2": {
      "effiencient_move": false,
      "similarity": 2.1973885261186377
    },
    "3": {
      "effiencient_move": true,
      "similarity": 2.1973885261186377
    },
    "4": {
      "effiencient_move": false,
      "similarity": 2.1973885261186377
    },
    "5": {
      "effiencient_move": true,
      "similarity": 2.1973885261186377
    },
    "6": {
      "effiencient_move": false,
      "similarity": 2.1973885261186377
    },
    "7": {
      "effiencient_move": true,
      "similarity": 2.1973885261186377
    },
    "8": {
      "effiencient_move": false,
      "similarity": 2.1973885261186377
    },
    "9": {
      "effiencient_move": true,
      "similarity": 2.1973885261186377
    },
    "10": {
      "effiencient_move": false,
      "similarity": 2.1973885261186377
    },
    "11": {
      "effiencient_move": true,
      "similarity": 2.1973885261186377
    },
    "12": {
      "effiencient_move": false,
      "similarity": 2.1973885261186377
    },
    "13": {
      "effiencient_move": true,
      "similarity": 2.1973885261186377
    },
    "14": {
      "effiencient_move": false,
      "similarity": 2.1973885261186377
    }
  },
  "episode scores": {
    "Success": 0,
    "Aborted": 0,
    "Lose": 1,
    "moves": 15,
    "valid_moves": 15,
    "invalid_moves": 0,
    "stopped": 1,
    "turns_limit": 0,
    "loops": 13,
    "number_visited": 2,
    "seen": 3,
    "efficiency": 53.333333333333336,
    "exploration": 33.33333333333333,
    "graph_similarity": 2.1973885261186377,
    "Main Score": 41.02564102564103
  }
}