{
  "meta": {},
  "players": {},
  "turn scores": {
    "0": {
      "effiencient_move": false,
      "similarity": 0.18221023888012056
    },
    "1": {
      "effiencient_move": true,
      "similarity": 0.30023645134740207
    },
    "2": {
      "effiencient_move": false,
      "similarity": 0.18221023888012056
    },
    "3": {
      "effiencient_move": true,
      "similarity": 0.30023645134740207
    },
    "4": {
      "effiencient_move": false,
      "similarity": 0.18221023888012056
    },
    "5": {
      "effiencient_move": true,
      "similarity": 0.30023645134740207
    },
    "6": {
      "effiencient_move": false,
      "similarity": 0.18221023888012056
    },
    "7": {
      "effiencient_move": true,
      "similarity": 0.30023645134740207
    },
    "8": {
      "effiencient_move": false,
      "similarity": 0.18221023888012056
    }
  },
  "episode scores": {
    "Success": 0,
    "Aborted": 0,
    "Lose": 1,
    "moves": 9,
    "valid_moves": 9,
    "invalid_moves": 0,
    "stopped": 1,
    "turns_limit": 0,
    "loops": 7,
    "number_visited": 2,
    "seen": 4,
    "efficiency": 44.44444444444444,
    "exploration": 25.0,
    "graph_similarity": 0.18221023888012056,
    "Main Score": 32.0
  }
}