{
  "meta": {},
  "players": {},
  "turn scores": {
    "0": {
      "effiencient_move": false,
      "similarity": 1.3385701848569465
    },
    "1": {
      "effiencient_move": false,
      "similarity": 3.5972419924183097
    },
    "2": {
      "effiencient_move": true,
      "similarity": 9.485174635513328
    },
    "3": {
      "effiencient_move": true,
      "similarity": 9.485174635513328
    },
    "4": {
      "effiencient_move": true,
      "similarity": 5.862446150271272
    },
    "5": {
      "effiencient_move": true,
      "similarity": 15.17163600424869
    },
    "6": {
      "effiencient_move": true,
      "similarity": 15.17163600424869
    }
  },
  "episode scores": {
    "Success": 0,
    "Aborted": 0,
    "Lose": 1,
    "moves": 7,
    "valid_moves": 7,
    "invalid_moves": 0,
    "stopped": 1,
    "turns_limit": 0,
    "loops": 0,
    "number_visited": 4,
    "seen": 5,
    "efficiency": 71.42857142857143,
    "exploration": 66.66666666666666,
    "graph_similarity": 15.17163600424869,
    "Main Score": 68.96551724137932
  }
}