{
  "meta": {},
  "players": {},
  "turn scores": {
    "0": {
      "effiencient_move": true,
      "similarity": 0.18221023888012056
    },
    "1": {
      "effiencient_move": true,
      "similarity": 0.49452463132693136
    },
    "2": {
      "effiencient_move": false,
      "similarity": 1.3385701848569465
    },
    "3": {
      "effiencient_move": false,
      "similarity": 1.3385701848569465
    },
    "4": {
      "effiencient_move": true,
      "similarity": 1.3385701848569465
    },
    "5": {
      "effiencient_move": true,
      "similarity": 1.3385701848569465
    },
    "6": {
      "effiencient_move": true,
      "similarity": 1.3385701848569465
    },
    "7": {
      "effiencient_move": false,
      "similarity": 3.5972419924183097
    },
    "8": {
      "effiencient_move": true,
      "similarity": 3.5972419924183097
    },
    "9": {
      "effiencient_move": true,
      "similarity": 3.5972419924183097
    },
    "10": {
      "effiencient_move": false,
      "similarity": 9.485174635513328
    },
    "11": {
      "effiencient_move": true,
      "similarity": 9.485174635513328
    },
    "12": {
      "effiencient_move": true,
      "similarity": 9.485174635513328
    },
    "13": {
      "effiencient_move": false,
      "similarity": 23.840584404423538
    },
    "14": {
      "effiencient_move": false,
      "similarity": 23.840584404423538
    },
    "15": {
      "effiencient_move": false,
      "similarity": 23.840584404423538
    },
    "16": {
      "effiencient_move": false,
      "similarity": 23.840584404423538
    },
    "17": {
      "effiencient_move": false,
      "similarity": 23.840584404423538
    }
  },
  "episode scores": {
    "Success": 0,
    "Aborted": 0,
    "Lose": 1,
    "moves": 18,
    "valid_moves": 18,
    "invalid_moves": 0,
    "stopped": 1,
    "turns_limit": 0,
    "loops": 2,
    "number_visited": 6,
    "seen": 7,
    "efficiency": 50.0,
    "exploration": 75.0,
    "graph_similarity": 23.840584404423538,
    "Main Score": 60.0
  }
}